id,first_name,last_name,email,gender,flight_number,airline_name,departure_airport,departure_city,departure_country,departure_time,arrival_airport,arrival_city,duration_hours
1,Bettine,Gellibrand,bgellibrand0@dell.com,Female,LA9082,LATAM Airlines,São Paulo/Guarulhos International,São Paulo,Brazil,3:06 AM,Ministro Pistarini International,Buenos Aires,13.27
2,Doloritas,Hurch,dhurch1@hp.com,Genderfluid,WN1985,Southwest Airlines,Los Angeles International,Los Angeles,USA,11:30 PM,San Francisco International,San Francisco,12.81
3,Otes,Stowe,ostowe2@rakuten.co.jp,Male,AM2437,Aeroméxico,Benito Juárez International,Mexico City,Mexico,2:25 PM,San Francisco International,San Francisco,15.89
4,Kaitlin,Hallawell,khallawell3@hibu.com,Female,AM5855,Aeroméxico,Benito Juárez International,Mexico City,Mexico,6:14 AM,O'Hare International,Chicago,1.7
5,Helena,Wilmore,hwilmore4@phoca.cz,Female,AM8497,Aeroméxico,Benito Juárez International,Mexico City,Mexico,12:33 PM,O'Hare International,Chicago,16.06
6,Gardner,Mathieson,gmathieson5@symantec.com,Male,BA8980,British Airways,Heathrow,London,UK,9:45 AM,Charles de Gaulle,Paris,15.68
7,Jared,Greenmon,jgreenmon6@techcrunch.com,Male,SQ5486,Singapore Airlines,Changi,Singapore,Singapore,9:49 AM,Kuala Lumpur International,Kuala Lumpur,16.52
8,Gerta,Tremlett,gtremlett7@github.io,Female,KE1458,Korean Air,Incheon International,Seoul,South Korea,4:00 PM,Kuala Lumpur International,Kuala Lumpur,11.44
9,Conant,Berre,cberre8@zdnet.com,Male,QR5695,Qatar Airways,Hamad International,Doha,Qatar,1:49 AM,Chhatrapati Shivaji International,Mumbai,6.03
10,Ewen,O'Farris,eofarris9@nature.com,Male,TG5404,Thai Airways,Suvarnabhumi,Bangkok,Thailand,12:49 AM,Changi,Singapore,21.19
11,Josiah,Dudson,jdudsona@berkeley.edu,Male,NH1430,All Nippon Airways,Haneda,Tokyo,Japan,1:43 PM,Hong Kong International,Hong Kong,20.8
12,Lissy,Donnan,ldonnanb@loc.gov,Female,AM5106,Aeroméxico,Benito Juárez International,Mexico City,Mexico,7:52 AM,O'Hare International,Chicago,5.26
13,Quentin,Bernt,qberntc@nps.gov,Male,SQ3139,Singapore Airlines,Changi,Singapore,Singapore,11:41 PM,Beijing Capital International,Beijing,17.02
14,Leticia,Bernardes,lbernardesd@ebay.co.uk,Polygender,WN2849,Southwest Airlines,Los Angeles International,Los Angeles,USA,1:22 PM,O'Hare International,Chicago,2.99
15,Constanta,Matczak,cmatczake@elegantthemes.com,Female,WN7757,Southwest Airlines,Los Angeles International,Los Angeles,USA,10:46 PM,Miami International,Miami,13.1
16,Joanie,Schenkel,jschenkelf@i2i.jp,Female,AF4149,Air France,Charles de Gaulle,Paris,France,10:37 AM,Frankfurt Airport,Frankfurt,13.12
17,Kipper,Burfoot,kburfootg@webmd.com,Genderfluid,ET5363,Ethiopian Airlines,Bole International,Addis Ababa,Ethiopia,1:53 AM,Hamad International,Doha,9.02
18,Rutger,O'Kinneally,rokinneallyh@discovery.com,Male,UA5817,United Airlines,Los Angeles International,Los Angeles,USA,3:28 AM,San Francisco International,San Francisco,7.84
19,Ardine,Skin,askini@icq.com,Female,NH9502,All Nippon Airways,Haneda,Tokyo,Japan,12:39 PM,Incheon International,Seoul,19.46
20,Amara,Burnside,aburnsidej@dmoz.org,Female,AM2018,Aeroméxico,Benito Juárez International,Mexico City,Mexico,3:03 PM,O'Hare International,Chicago,14.22
21,Ina,Stutter,istutterk@youtu.be,Female,QF4469,Qantas,Sydney Airport,Sydney,Australia,7:42 PM,Melbourne Airport,Melbourne,8.81
22,Shawn,Strother,sstrotherl@constantcontact.com,Male,LH8277,Lufthansa,Frankfurt Airport,Frankfurt,Germany,12:27 PM,San Francisco International,San Francisco,17.02
23,Conrad,Coster,ccosterm@prweb.com,Male,QR4556,Qatar Airways,Hamad International,Doha,Qatar,3:59 PM,Bole International,Addis Ababa,22.12
24,Whit,Gemnett,wgemnettn@woothemes.com,Agender,UA4214,United Airlines,Los Angeles International,Los Angeles,USA,3:54 PM,San Francisco International,San Francisco,11.38
25,Britteny,Cutten,bcutteno@cam.ac.uk,Female,NZ8863,Air New Zealand,Auckland Airport,Auckland,New Zealand,10:38 AM,Melbourne Airport,Melbourne,23.45
26,Candi,Tinwell,ctinwellp@dagondesign.com,Female,TG5312,Thai Airways,Suvarnabhumi,Bangkok,Thailand,6:05 PM,Logan International,Boston,20.26
27,Gaby,Cleeves,gcleevesq@goo.gl,Male,ET1697,Ethiopian Airlines,Bole International,Addis Ababa,Ethiopia,2:40 AM,Jomo Kenyatta International,Nairobi,14.64
28,Lora,Madeley,lmadeleyr@netscape.com,Female,QF8287,Qantas,Sydney Airport,Sydney,Australia,10:39 AM,Melbourne Airport,Melbourne,9.7
29,Waylen,Enbury,wenburys@ibm.com,Male,UA9016,United Airlines,Los Angeles International,Los Angeles,USA,4:48 AM,San Francisco International,San Francisco,12.19
30,Barnebas,Byng,bbyngt@plala.or.jp,Male,NZ6996,Air New Zealand,Auckland Airport,Auckland,New Zealand,11:22 AM,Sydney Airport,Sydney,6.47
31,Alysia,Gorghetto,agorghettou@wikipedia.org,Female,LH1985,Lufthansa,Frankfurt Airport,Frankfurt,Germany,9:29 PM,Charles de Gaulle,Paris,10.51
32,Leslie,Haton,lhatonv@washington.edu,Polygender,LH3012,Lufthansa,Frankfurt Airport,Frankfurt,Germany,7:09 AM,Charles de Gaulle,Paris,7.67
33,Fred,Dufall,fdufallw@moonfruit.com,Male,AF4678,Air France,Charles de Gaulle,Paris,France,9:05 PM,O.R. Tambo International,Johannesburg,19.67
34,Willi,Moynihan,wmoynihanx@umn.edu,Agender,AI4455,Air India,Indira Gandhi International,Delhi,India,12:23 AM,Chhatrapati Shivaji International,Mumbai,17.54
35,Petr,Colicot,pcolicoty@mediafire.com,Male,AV7854,Avianca,El Dorado International,Bogotá,Colombia,3:30 PM,Chhatrapati Shivaji International,Mumbai,1.09
36,Jamal,Kenington,jkeningtonz@unesco.org,Male,WN5339,Southwest Airlines,Los Angeles International,Los Angeles,USA,9:18 PM,San Francisco International,San Francisco,19.41
37,Robbyn,McMoyer,rmcmoyer10@techcrunch.com,Female,UA8201,United Airlines,Los Angeles International,Los Angeles,USA,4:07 AM,San Francisco International,San Francisco,20.0
38,Kevon,Marle,kmarle11@hugedomains.com,Polygender,TG7193,Thai Airways,Suvarnabhumi,Bangkok,Thailand,3:11 AM,Changi,Singapore,2.12
39,Land,Archbutt,larchbutt12@independent.co.uk,Male,DL3314,Delta Air Lines,John F. Kennedy International,New York,USA,5:04 PM,Hartsfield-Jackson Atlanta,Atlanta,17.2
40,Efren,Nottingam,enottingam13@yale.edu,Male,AA3153,American Airlines,John F. Kennedy International,New York,USA,1:03 AM,Hartsfield-Jackson Atlanta,Atlanta,5.09
41,Alie,Curlis,acurlis14@sbwire.com,Female,ET7935,Ethiopian Airlines,Bole International,Addis Ababa,Ethiopia,4:35 AM,Cairo International,Cairo,15.61
42,Rockey,Simonnot,rsimonnot15@e-recht24.de,Male,AZ2749,Alitalia,Leonardo da Vinci International,Rome,Italy,3:37 PM,Charles de Gaulle,Paris,22.58
43,Jodi,Haseldine,jhaseldine16@lulu.com,Female,EK8649,Emirates,Dubai International,Dubai,UAE,5:07 PM,Adolfo Suárez Madrid–Barajas,Madrid,18.32
44,Bev,Eatherton,beatherton17@vk.com,Female,SA3103,South African Airways,O.R. Tambo International,Johannesburg,South Africa,1:48 AM,Charles de Gaulle,Paris,17.0
45,Carlina,Kryzhov,ckryzhov18@cnn.com,Female,WN3052,Southwest Airlines,Los Angeles International,Los Angeles,USA,7:55 PM,San Francisco International,San Francisco,20.63
46,Merci,Shearsby,mshearsby19@addtoany.com,Female,KE5476,Korean Air,Incheon International,Seoul,South Korea,4:23 PM,Vancouver International,Vancouver,19.87
47,Arley,Reckless,areckless1a@sourceforge.net,Male,LA8988,LATAM Airlines,São Paulo/Guarulhos International,São Paulo,Brazil,9:30 AM,Ministro Pistarini International,Buenos Aires,5.75
48,Jethro,Abramowsky,jabramowsky1b@indiatimes.com,Polygender,AI5832,Air India,Indira Gandhi International,Delhi,India,12:20 AM,Chhatrapati Shivaji International,Mumbai,10.33
49,Constantine,Passfield,cpassfield1c@mit.edu,Female,SK5565,SAS Scandinavian,Copenhagen Airport,Copenhagen,Denmark,4:26 AM,Charles de Gaulle,Paris,11.4
50,Martita,Shelley,mshelley1d@storify.com,Female,AA6513,American Airlines,John F. Kennedy International,New York,USA,1:23 PM,Hartsfield-Jackson Atlanta,Atlanta,12.87
51,Katrinka,Atchly,katchly1e@soup.io,Agender,WN8234,Southwest Airlines,Los Angeles International,Los Angeles,USA,9:20 PM,Auckland Airport,Auckland,22.38
52,Caesar,Hallin,challin1f@tripod.com,Male,LA7827,LATAM Airlines,São Paulo/Guarulhos International,São Paulo,Brazil,4:48 PM,Ministro Pistarini International,Buenos Aires,21.0
53,Robbyn,Dungey,rdungey1g@sun.com,Female,AM9560,Aeroméxico,Benito Juárez International,Mexico City,Mexico,11:21 AM,Adolfo Suárez Madrid–Barajas,Madrid,12.1
54,Velma,Bines,vbines1h@sciencedaily.com,Female,UA3491,United Airlines,Los Angeles International,Los Angeles,USA,1:49 AM,San Francisco International,San Francisco,20.86
55,Lesli,Davenport,ldavenport1i@people.com.cn,Female,QF1731,Qantas,Sydney Airport,Sydney,Australia,3:58 PM,Melbourne Airport,Melbourne,9.79
56,Mab,Landell,mlandell1j@github.com,Female,AI2923,Air India,Indira Gandhi International,Delhi,India,3:40 AM,Chhatrapati Shivaji International,Mumbai,17.19
57,Beatrisa,Sutworth,bsutworth1k@newsvine.com,Genderfluid,SQ9917,Singapore Airlines,Changi,Singapore,Singapore,3:13 PM,Hong Kong International,Hong Kong,21.78
58,Ignace,Seymark,iseymark1l@smh.com.au,Male,AF9045,Air France,Charles de Gaulle,Paris,France,3:19 PM,Frankfurt Airport,Frankfurt,15.58
59,Melisent,Clemenzi,mclemenzi1m@springer.com,Female,SQ4254,Singapore Airlines,Changi,Singapore,Singapore,2:21 PM,Beijing Capital International,Beijing,21.65
60,Sawyere,Goodin,sgoodin1n@cnbc.com,Male,NZ1648,Air New Zealand,Auckland Airport,Auckland,New Zealand,3:13 AM,Sydney Airport,Sydney,4.33
61,Nerita,Townsend,ntownsend1o@jimdo.com,Female,LA8565,LATAM Airlines,São Paulo/Guarulhos International,São Paulo,Brazil,1:46 PM,Ministro Pistarini International,Buenos Aires,16.08
62,Tadeas,Gawkes,tgawkes1p@amazon.co.jp,Male,LH3957,Lufthansa,Frankfurt Airport,Frankfurt,Germany,2:12 AM,Charles de Gaulle,Paris,6.12
63,Gussie,Brownsett,gbrownsett1q@guardian.co.uk,Female,AF8531,Air France,Charles de Gaulle,Paris,France,7:15 AM,Frankfurt Airport,Frankfurt,10.01
64,Isidore,Patten,ipatten1r@un.org,Male,WN3720,Southwest Airlines,Los Angeles International,Los Angeles,USA,8:46 AM,San Francisco International,San Francisco,8.54
65,Jennilee,Squibe,jsquibe1s@addthis.com,Female,AF4902,Air France,Charles de Gaulle,Paris,France,4:47 AM,Frankfurt Airport,Frankfurt,18.8
66,Reynolds,Simenet,rsimenet1t@theglobeandmail.com,Male,AI6943,Air India,Indira Gandhi International,Delhi,India,6:19 PM,Chhatrapati Shivaji International,Mumbai,8.86
67,Seline,Congreve,scongreve1u@blogs.com,Female,SQ7992,Singapore Airlines,Changi,Singapore,Singapore,8:32 AM,Brisbane Airport,Brisbane,9.56
68,Delilah,Moorwood,dmoorwood1v@4shared.com,Female,EK2841,Emirates,Dubai International,Dubai,UAE,6:21 AM,Changi,Singapore,1.83
69,Alyce,Lundon,alundon1w@nature.com,Female,AF4678,Air France,Charles de Gaulle,Paris,France,3:56 PM,O.R. Tambo International,Johannesburg,11.13
70,Harrison,Barley,hbarley1x@psu.edu,Male,QR7315,Qatar Airways,Hamad International,Doha,Qatar,5:20 PM,Jomo Kenyatta International,Nairobi,7.21
71,Cyndie,Sarjeant,csarjeant1y@time.com,Genderqueer,AM2401,Aeroméxico,Benito Juárez International,Mexico City,Mexico,4:02 PM,Frankfurt Airport,Frankfurt,14.37
72,Krishnah,Hamber,khamber1z@opensource.org,Male,UA7792,United Airlines,Los Angeles International,Los Angeles,USA,12:16 AM,Dallas/Fort Worth International,Dallas,11.86
73,Sonya,Volcker,svolcker20@topsy.com,Female,SQ8042,Singapore Airlines,Changi,Singapore,Singapore,8:33 AM,Beijing Capital International,Beijing,1.9
74,Dimitri,Giottini,dgiottini21@cisco.com,Male,SK9628,SAS Scandinavian,Copenhagen Airport,Copenhagen,Denmark,5:32 AM,Charles de Gaulle,Paris,6.69
75,Hamlen,Noton,hnoton22@senate.gov,Male,TG8460,Thai Airways,Suvarnabhumi,Bangkok,Thailand,2:34 PM,Kuala Lumpur International,Kuala Lumpur,2.2
76,Gennie,Goodfellowe,ggoodfellowe23@technorati.com,Genderfluid,WN2726,Southwest Airlines,Los Angeles International,Los Angeles,USA,3:19 AM,San Francisco International,San Francisco,8.74
77,Bailie,Derry,bderry24@microsoft.com,Male,CX9412,Cathay Pacific,Hong Kong International,Hong Kong,China,9:11 AM,Changi,Singapore,4.72
78,Samantha,Killshaw,skillshaw25@bing.com,Non-binary,SK1381,SAS Scandinavian,Copenhagen Airport,Copenhagen,Denmark,9:23 PM,Charles de Gaulle,Paris,5.15
79,Cyril,Dansken,cdansken26@cisco.com,Agender,SA9239,South African Airways,O.R. Tambo International,Johannesburg,South Africa,10:55 AM,Charles de Gaulle,Paris,23.17
80,Alis,Paniman,apaniman27@unc.edu,Female,AZ3806,Alitalia,Leonardo da Vinci International,Rome,Italy,9:17 AM,Charles de Gaulle,Paris,12.35
81,Bernadine,Wilman,bwilman28@wiley.com,Female,AI8506,Air India,Indira Gandhi International,Delhi,India,3:38 PM,Dubai International,Dubai,6.55
82,Clarey,Bareham,cbareham29@google.co.uk,Female,AA4623,American Airlines,John F. Kennedy International,New York,USA,7:19 PM,Dallas/Fort Worth International,Dallas,10.97
83,Berta,Diglin,bdiglin2a@irs.gov,Female,NH8723,All Nippon Airways,Haneda,Tokyo,Japan,2:29 AM,Incheon International,Seoul,6.01
84,Emmalyn,Shord,eshord2b@typepad.com,Polygender,AZ1329,Alitalia,Leonardo da Vinci International,Rome,Italy,2:00 PM,Charles de Gaulle,Paris,9.71
85,Tawsha,Byham,tbyham2c@theguardian.com,Genderqueer,ET2047,Ethiopian Airlines,Bole International,Addis Ababa,Ethiopia,3:31 PM,Hamad International,Doha,23.66
86,Killie,Hallwell,khallwell2d@4shared.com,Male,KL6659,KLM Royal Dutch Airlines,Amsterdam Airport Schiphol,Amsterdam,Netherlands,11:35 PM,Charles de Gaulle,Paris,12.77
87,Kara-lynn,Hindrick,khindrick2e@chicagotribune.com,Female,SK3846,SAS Scandinavian,Copenhagen Airport,Copenhagen,Denmark,2:12 AM,Charles de Gaulle,Paris,6.94
88,Levon,Bradborne,lbradborne2f@constantcontact.com,Male,DL2385,Delta Air Lines,John F. Kennedy International,New York,USA,12:44 AM,Hartsfield-Jackson Atlanta,Atlanta,5.27
89,Thomasine,Penylton,tpenylton2g@myspace.com,Genderfluid,AA8928,American Airlines,John F. Kennedy International,New York,USA,10:18 AM,Miami International,Miami,11.76
90,Marie-jeanne,Tale,mtale2h@shop-pro.jp,Non-binary,AV6273,Avianca,El Dorado International,Bogotá,Colombia,2:41 PM,O'Hare International,Chicago,10.03
91,Dominique,McRill,dmcrill2i@rambler.ru,Female,DL3161,Delta Air Lines,John F. Kennedy International,New York,USA,8:22 AM,Logan International,Boston,18.46
92,Leda,Jobern,ljobern2j@cnbc.com,Female,IB5832,Iberia,Adolfo Suárez Madrid–Barajas,Madrid,Spain,9:06 PM,Charles de Gaulle,Paris,7.85
93,Cicily,Swainson,cswainson2k@tinypic.com,Female,BA9707,British Airways,Heathrow,London,UK,6:51 AM,Charles de Gaulle,Paris,14.37
94,Margi,Mattiello,mmattiello2l@artisteer.com,Female,DL7930,Delta Air Lines,John F. Kennedy International,New York,USA,5:37 PM,Miami International,Miami,3.09
95,Danice,Outhwaite,douthwaite2m@senate.gov,Non-binary,QF1344,Qantas,Sydney Airport,Sydney,Australia,11:25 AM,Melbourne Airport,Melbourne,23.51
96,Agnella,Wolfendell,awolfendell2n@technorati.com,Female,SQ5942,Singapore Airlines,Changi,Singapore,Singapore,8:03 PM,Brisbane Airport,Brisbane,15.01
97,Justina,Peron,jperon2o@digg.com,Female,DL4026,Delta Air Lines,John F. Kennedy International,New York,USA,7:28 AM,Hartsfield-Jackson Atlanta,Atlanta,13.45
98,Orv,Nassie,onassie2p@hostgator.com,Male,UA1667,United Airlines,Los Angeles International,Los Angeles,USA,7:33 PM,San Francisco International,San Francisco,5.38
99,Celinka,Kittley,ckittley2q@chicagotribune.com,Female,QR4142,Qatar Airways,Hamad International,Doha,Qatar,1:43 PM,Jomo Kenyatta International,Nairobi,8.23
100,Hamilton,Baus,hbaus2r@mozilla.com,Male,DL8985,Delta Air Lines,John F. Kennedy International,New York,USA,3:09 AM,Jorge Chávez International,Lima,1.56
